mintAsset,name
BrzwWsG845VttbTsacZMLKhyc2jAZU12MaPkTYrJHoqm,Star Atlas
Hfjgcs9ix17EwgXVVbKjo6NfMm2CXfr34cwty3xWARUm,The Last Stand
DB76aiNQeLzHPwvFhzgwfpe6HGHCDTQ6snW6UD7AnHid,Om Photoli
9vi6PTKBFHR2hXgyjoTZx6h7WXNkFAA5dCsZRSi4higK,Armstrong Forever
7gJenN7qBMP3yZeg7ULq5t7BCk5wYmvEtaqL9t9WkkAF,Automated Plague Control
7GBfZq24jHXmp6bQ988yhgV2bQiZjZx7Fj1E2xSg8ytU,Atlas Badge
J9ZfRgF8hDbTgCHZ5VFR4V3vCecww4MJ9jmeBPd5gt3D,Captain's Badge
ATSPo9f9TJ3Atx8SuoTYdzSMh4ctQBzYzDiNukQDmoF7,The Heart of Star Atlas
M7cvT3qkNRkhG3YmQ3sTe2T46q4JKWH9mWK39UarxYv,Peace Sign
GEBRghyfoFfFdvb4q2kb6DCczKtPvDBSjdMPFtweVxLj,The First Coded Seeds Crop
9czEqEZ4EkRt7N3HWDcw9qqwys3xRRjGdbn8Jhk8Khwj,VZUS opod
267DbhCypYzvTqv72ZG5UKHeFu56qXFsuoz3rw832eC5,Pearce X5
3QGcfPwr3GhfeyxpprAPvDGRzXmBKwCJBgxM4NfrQDBN,Executive Badge
BhsbcuW7iDEthrh6noja7ZFJ9yMqtu9QnuzpK38wv3r9,Ancient Dance
5utpkwvqG5euWHbvrxo8S66C7T5dfoweCC7y1zCWokts,Vintage Astronaut Suit
BUtLhi4ohcuYiFooWhZyWxQXKceZLCLNS3BHGXnmnhqM,Unique Badge
Ebke6Z3VsZ5of9yAxrnjB51YsxvxXo1b43u7qzRMQmwg,Usturn
43shunGxqAydDfcHadZzs9j9JHVCEYixPnSMFHpqwc3k,TTT 300K FTX
CWxNX9sTexuqvQefqskhP9f6AP5C8hq2VNkicRseqAT5,Ogrika Thripid
9MvZS3TVfv4DZL9W2pT12po384aBHf7wi89KXQ9Z7uwW,Pearce F4
HAWy8kV3bD4gaN6yy6iK2619x2dyzLUBj1PfJiihTisE,Discovery of Iris
6kQzEJdVdsVAYHZjnmCoxNqFfPXvxTTPPb4x3nZFDyAh,To Infinity
DvTdgwdU5wvTw2PLPbyPJdrg16SmULye1F3hccAcpCJi,Rolling Coal
HzeBiGCyGESHS3d5ndQmvz7q7Nz8Py6PV5xFjRL4cQGk,Anna Tolle
H9gji7B9ePpyjFtfn9T1NN1MkAXVpGWFiExmeBPgN5Sy,Raydium Defy
3Sg2QjXxJMpgiaf2VWU5dDWfWt1NVETtxVrZ26NuFpx9,TTT 300K Raydium
9ABNesWj7NVdkDgko7UjVaDp5pTh8a6wfXHLWz3bZM6W,Opal Jetjet
56M4yyHAwz3Ro8SezkrQ3ph2ayR8sScSy7mqjHQwMS87,TTT 300K ATLAS
BX9FrvAXfDdFKDcgkRPhq38wCn9SDggg9pN2V9qAup5C,Noble Signer
H2jHqvXA2oxSpEp6dKkpK7WeszQEdFW5n25mNfrJFAc1,VZUS ambwe
7AUcvn5k8MFSYdhiZRDzKyvxRFrauzMgcWMYRngrTZsB,Replicatur Shawl
6bD8mr8DyuVqN5dXd1jnqmCL66b5KUV14jYY1HSmnxTE,Ahr Visits Earth
FpwV1Da6BZJnYPr1JSLUm14UwBmZHA7J5WLY4TXgbde8,Fimbul ECOS Greenader
5LkYStW5K4dPkYDzMFw5smUZ3qNJ8v1fG4gwbHbDfNV2,Officer's Badge
G1bE9ge8Yoq43hv7QLcumxTFhHqFMdcL4y2d6ZdzMG4b,Paizul Funeral Procession
4G85c5aUsRTrRPqE5VjY7ebD9b2ktTF6NEVGiCddRBDX,B ‚ù§ P
AuxCj2T4Mdb6h5i1pZd2yDJy5pdiEpZCPtTHAR1DqKdT,Mining Drill
CAjoJeGCCRae9oDwHYXzkeUDonp3dZLWV5GKHysLwjnx,The Peacebringers Archive
FJEEHRAKPcVUBfitPZDsmR8PtYfeg1Cy8RusVb7PuPgw,Perpetual Farming Lands
9bccaxs8YihGCRkPqcFMPkPbVBwNNjzHc4iHvsfQNs6x,Sphinx
BswdGxfurGpSKPPhHUP6d9uzdY3bAG8o3CJnFUQLanzw,Sammy Banx
CVy9zWnF7y15FeqEvV3ZsMdnMDG25na3NWHzx8xQvcG2,VIP
2bCgKTo11QayWBy6QryHZMqZL2ZgWd5LEAZKiTGQi4g7,Pearce R8
DyNBYAyH6YPEKMCeh6GSNZR9KowmQEcXjvnv1ktfLRKX,NXT le]V[el DS Bodysuit
9ifQ16N5DdUFoejCwsgR73ihUwadAe3srCo9HhQe2zL2,Pearce C11
HJBmBYyGR8z1oajAM4jiK46uobuxeJoKDYpFwzWHBvhb,Ogrika Jod Asteris
8RveLFEyteyL1vbCKPQJxjf3JT1ACyrzs46TXbJStrHG,Pearce X6
HqPN13pLUVJRiuGSsKjfWZvGKAagK98PshuKu51bnG4E,Fimbul ECOS Treearrow
tooLsNYLiVqzg8o4m3L2Uetbn62mvMWRqkog6PQeYKL,Toolkit
36s6AFRXzE9KVdUyoJQ5y6mwxXw21LawYqqwNiQUMD8s,The Convergence War
FMwvZPFGvmjjTQ9ZhePd4kB9WqK3YkyBGcHkYQp45TW1,Spacer
m3uDZnPeWPQMQHKNmeZqmTxqweRyDbhNFps3HRx6xTo,Black Sun
H1wrPe2TgmCV1yS8NeVq7C4qPLxcioRWFFerQAfzQUfM,Council Meta-PAS
2eibTj6LtqF6DyabpmUZH8EhzZJFvoxcApyzArHt24G6,Tigu
B9xkxYMfv1TuPu2BFRuGNcd9XqX8YTCvdrG9ozAE3a9d,Principal's Badge
9Qpe56yDLcUddhU6mJowdhcDkqPXXYZNn7VEjz8yUxNv,Noble Cloak
GyHxNG3fotjU2hPiyGb6v3ZJX2LhPuxCuLcrzBRAbGYh,Squiddish
2F62gz2zmNaRM1eQToQfJfhHCKG1t6c18fC1pZ9iB52J,TTT 300K SERUM
AT5jKk5oUeToyDMneVbu5J92DoM4Ab18zJciUfku2MrD,The Atmo-Harvester
FmWTV4W1KfM5gix2oADmzRJu4T1wCUoCnLqRMRwP7NrF,Superior's Badge
DBFM7MFBWHvsi1CBU5x7av77dDoCTGiBcTx54VR8wp1k,Vintage Orbiting Satellite
DTtuny8L9q4DaDbLrCcE3Na68y1Y5oqrQCF8DX1RB8fr,COSMIC ORIGIN 92
eUkSbazTfDir4jjYth6fwayGh2gSQ2zNaHLfoKud97L,Nanobyte
Cmvj2iW9WQZUaNJiruhjgnCRATRi2AwTK9KaVxMZtdDs,TTT 300K STEP.finance
DsJHgpnNovjJ981QJJnqMggexAekNawbSavfV1QuTpis,Rainbow Chi
6SqLuwHNRC1qjo9KATLKJLszFHMWyYaNxDXraCEUtfdR,Fimbul BYOS Earp
4txpjHspP4usEsQTr3AcrpyHVjN4fi3d4taM6cmKJnd1,Calico Evac
7M6RHgPiHXiZAin5ManH63cLYGt3miQ54KaGynUQoERS,Fimbul ECOS Bombarella
ammoK8AkX2wnebQb35cDAZtTkvsXQbi82cGeTnUvvfK,Ammunition
foodQJAztMzX1DKpLaiounNe2BDMds5RNuPC6jsNrDG,Food
fueL3hBZjLLLJHiFH9cqZoozTG3XQZ53diwFPwbzNim,Fuel
7dr7jVyXf1KUnYq5FTpV2vCZjKRR4MV94jzerb8Fi16Q,The Assassination of Paizul
DdpXnnYsyUQgJby8TDHbmPwkKyGF4U6bXwCXTQZsrfKP,Calico Guardian
HzBx8PP86pyPrrboTHqPYWhxnEB5vXDHDBP8femWfPTS,Rainbow Om
FPnwwNiL1tXqd4ZbGjFYsCw5qsQw91VN79SNcU4Bc732,Ustur Wod.bod
9d6JQSWrXVEjxBNrej7efCUdc7ZCRpaHsdN2CH6sEawn,Power Plant
5LiAUHfvRpkvrNTZe5CNgoQpdn4VFM5KfX5jDJKAjTSS,Space Station
7V9C2XUQgCb31n7hGKqKGu4ENcvqXhJLJzU77CAQtXhw,Fimbul BYOS Packlite
6hSPiSuZiD9k6wzdJWMxZcj9bQUPDBu7pQ6Zwb4imXYs,Faction Meta-PAS
AkNbg12E9PatjkiAWJ3tAbM479gtcoA1gi6Joa925WKi,Calico Compakt Hero
6z8sqTatfnXfV8DYJzEFeqrXnFz9AKRtRXVoL37DtCLp,White Hot
DkCdWb73xNPVbFDE9LXAiqnJRioQyGJYNjsiYiVdFTdj,Armstrong Patch
77GQVKfHFRJJuMXsWSHsM8acMZvouZ352EEMfRdoKRZP,PhotoniX Provenance
53ToK5o8cSZCNTjydjxDZYF3P2KbTzzUmmWPSD52PpY5,TTT 300K Phantom
6pUxjPghGz5Gn9XnJuPaJCSpk9mhvzecvHb6G4rrSCJq,TTT 300K THE_FAB_RIC_ANT
BgiTVxW9uLuHHoafTd2qjYB5xjCc5Y1EnUuYNfmTwhvp,Short Story of a Lost Astronaut
2iMhgB4pbdKvwJHVyitpvX5z1NBNypFonUgaSAt9dtDt,Pearce X4
7n79Huf9wmaMaLQxm7beYRw9tggoYcXZzHZxN9L3z1fS,Black Sun
2YFmgNYGKLGTofn24mG2gPbGoKAfcH5SsfvNwXo1Hcsq,TTT 300K Animoca
2Rw4Eqri7N4n3ZDsUVGfr8nhdxf4Uqjbim9tyJZb7Axd,TTT 300K CryptoKickers
7YNMhgmG7ZEQDvKVwsvN2GyUPaDpKYQ3VtzdkEskcAAe,PRIMORDIAL GLO
8EXX5kG7qWTjgpNSGX7PnB6hJZ8xhXUcCafVJaBEJo32,The Signing of the Peace Treaty
7Yeihi147ynkw58UP6W5AetBgotn6gFxV8UWsNPhfrkZ,B.O.B.
BrwKZC3BUNFLKWoyEZC7sNDs4bzwgAXJYK4zGntc5SeN,Lone Star
Efh5nnkDX3cKU2gYsFTdBbkLo3JpQJ7ZhKsKdCE6rQRS,Streamcatcher
AyWsJCrhRbgZETS7s1dkWxxPZHsGxyLXNi5JK8L3xHe5,The New Paradigm of Sustainability
Ev3xUhc1Leqi4qR2E5VoG9pcxCvHHmnAaSRVPg485xAT,Opal Jet
2Pm57eFBfKbMCKCDVuEscNsJM9x5r9X7Q8t1q9NiUgMV,TTT 300K SOLANA
5f1jUARhtSypVA4uTpgpLp76WYGdB2dGr8zMbh4WjYRf,Pearce C9
HsdbLvZrEgN2ZhsrZs5ag4F2FNFCHjjuXPfbVAhkeJBZ,Tufa Feist
D5qtZURrR8hs1V1oTuSFu7tMe5pt1XKWWqqK34CHF5ZA,Cosmic Sounds
Fw8PqtznYtg4swMk7Yjj89Tsj23u5CJLfW5Bk8ro4G1s,Fimbul Airbike
FMHHwUB6amLWYhWxtiZHC2g5azy9usPTLMq46N3HEgFU,Ogrika Mik
9zrgra3XQkZPt8XNs4fowbqmj7B8bBx76aEmsKSnm9BW,Fimbul ECOS Unibomba
7Xs3yt9eJPuEexZrKSGVbQMXHwWUKHGeDZnM4ZksZmyS,Fimbul Lowbie
EbLBLN44BVLjifLNBbchXFr8QjEkAGYENKuNEaDuyVPL,Rainbow Arc
FTk1E5UoWkiZEUttCWSYYaVokxWNNp3yJ42HbNDCAkdt,Busan Thrill of Life
FFkPvwLDYuKDW9eAAr5UNfuX3U9PcTGeSk7gqNX7EpNc,VZUS ballad
8pPDsMNcz4m8jaajFMFXHGcvaeVeiQhcenvSD6a4XNyq,Opal Bitboat
4gR3ChfdQxR4BTbgeWSdf6b8kD8Ysu6WBAQqtJ9oLgbF,Calico Medtech
2XYd22LSFGxN7kWgoEeaXVZqgrsPeQLHLEgNhnS12Mny,Calico ATS Enforcer
Fys8J53cquYsg5zYfeZStVGNwM9FopFw8QFkiE9CCR1J,Pearce R6
6HzZJwrcuBBmrE7SLDfxheZGAD3NYJ531C9JsNesL9BP,Busan Maiden Heart
J8Q6jYsrhhaeczyPBo9xzVyy4GpfCnJwj14LJn2HnuKp,Ogrika Tursic
AXEyoHAhMM9kRZuEgMpLjuteRSnfiPH8UrFxdUgb5hdo,Cosmic Thunder
6Zj61HuX1E7SCUCf9WsKXw1jdJCobAwK4RSjZvbv35tM,Fimbul Mamba
HjFijcGWKgfDwGpFX2rqFwEU9jtEgFuRQAJe1ERXFsA3,VZUS solos
4ns3shP4WunCtJbr2HFu31RjjxSJxDymEFcBZxiHr11s,Fimbul BYOS Tankship
4b4mhSySBcryzBPamw8v4xeneFRA6xTUA4JA99w6vqey,Ogrika Sunpaa
H3cgBXWpUiNsYjUWS7cNR5Bmehh7k5CgpJccc5wSfRbJ,Pearce D9
4Rrcj4MArUcMtHPp6amTy3SUXbCGYG3n8sf8KgMKjRnr,Core - Episode 1 (Star Atlas)
3VGriNDXEhLPMQ1ixBmKm2Sn54RjQuXE7YvUC9DJqd4Y,Core - Episode 1 (Magic Eden)
56nh4FvMJnSpkWJcmXc1nJtYhSQXuqb7nVMGALr31RVc,Pearce T1
Cvy691GFw2j3H8e6yf7hZtaQi5P3skQR4gzM6UWvcL7L,Busan The Last Stand mk. VIII
2BMTgfgapuqYBwSRGu6HCafwDGRVTxMkQVhYrNWQGTWH,Fimbul ECOS Superphoenix
GxoC3qAy3j1gjYZuGhVh8ufdJKGn2HJeiRjJ9XpikR8v,Core - Episode 2 (Star Atlas)
9SLtHqCGpuZCrpaJhcYYUUxU4dNUBwqnbJLrJ2UZx1YD,Core - Episode 2 (Magic Eden)
RDGgGBxJ8mWKrMrsiS1VkPjXTNianRdikYJhGYqyZfF,Suntiger
6JnRMJGUvnZwR1FSEYazKnMbEGTvrpufuKZ3HW86DXVc,RedX-IV
AxiSgYMhYjSwLhyLMvxixWNEbD2iVXHWr5LRmp9UEXcM,Blue Tigu
HzUBawF9xxTy4mTuvSkk1a4voJcm65tSHZz6voCDUB33,Claim Stake Tier 1
2piSPCxbuibsraBnnK4M5rGeHSraNe2oiD8hDw42bPKq,Claim Stake Tier 2
C2uF4fECabWryVCV1bDuxP7jMspbf2gei3YAP2UBn292,Claim Stake Tier 3
EBEJj1LKuo1k1J2ZvNJxsXATdGYnfaLWzqxck5p4PXSz,Claim Stake Tier 4
3aTW9zvPz5f7vt2Mfnr5zWA2RcgNTtDSSrBwaxyZ6t7d,Claim Stake Tier 5
GzhGEoio3w5hwxF61e5XtrzjTAm4AzVPRAgMKSfrAWZq,MUD CSS Base Tier
G92TTgTMc2aV8ApBfnvByM7ov7J3cGbNBziNPdunxPHG,MUD CSS Tier 1
HbZFd8KQ8HrCERD4boPUGvSqo24ELmRaBnCMyy2H1dm7,MUD CSS Tier 2
3QQy45dYZjkc15Po2zZPzaEXkg8FRGJtqt194ADUurbC,MUD CSS Tier 3
7FuCkwhNwhZZ6pDcuZWwp1zSzUyiWgrzJmYiVEquxg9P,MUD CSS Tier 4
GpmqxwTEdUnqH5bGPYbwHfKa9FSvKfyTuRaPNzkp941W,MUD CSS Tier 5
3o9DFxdaHBAz3YSoRtTvACyCUiRo1CbDD33ajmGecgmi,ONI CSS Base Tier
BzbLMbd7ruoUN9gS9sBADfpo6NxAd3QoN9peeSw1S5RE,ONI CSS Tier 1
AefmRKkHp35ydMfQADVVKNL8hRjmgYTGAgDfJxB89ygb,ONI CSS Tier 2
3GbWjXUQYWJDuap1cvVX26YLrMcQNu8S4HX4HCSPDvHq,ONI CSS Tier 3
Fa6dpoarSvrKguxXfQ9nPbpF8q1HuVzuWjtarCedKEF8,ONI CSS Tier 4
E5k4YTobbsr3hwbSJF1j4VUoaSY4XvKkRqP1dQmr4wjy,ONI CSS Tier 5
ECRmDrmjcGJZfuibjyYanCK3Fwmi3uSy9Vd1iKLeG2Wx,Ustur CSS Base Tier
J7A3piAwSrhLAocV2FSzxrzR2aA6x1ExQNmUsrvsBrfy,Ustur CSS Tier 1
FSxgohUdATtaZhmsChMFPvJ8CPfMC6kUf1sqBJiEg7zt,Ustur CSS Tier 2
FZrrzg1PLBycs8DThiRXihr8mNmMwykn8Uxcnp6r8QT1,Ustur CSS Tier 3
2qvH481jMjyWW78jR2hn6cUhBzQUYgFGKUmVCoevT8XY,Ustur CSS Tier 4
BcmqHr9sfwVA5Aa9Dd9CUi8pHcAmTHitysk74c8Lf6CN,Ustur CSS Tier 5
8mm9Ws3adSABe7mzpgX56X1P5VYu6b6JaDnyZV5TZhCE,Core - Episode 3 (Magic Eden)
GAz4AGpGCd3djN887oRX4LR8riw1EUQFZgAPprLMv8Qt,Core - Episode 3 (Star Atlas)
E19H2D3q93q8Wp1MQ22LdYB4jD5DJMRdF6dKRVUg4Z1y,Core - Episode 4 (Star Atlas)
EbaUoZNNSWgAm5JJ3DUGVUvrotzUA6AS4Yd2BWs12kry,Core - Episode 4 (Magic Eden)
F3HitKsp52UPqBMEWSeTFqrGgnfYbS9DMrJCz9dM3w6D,Calico Scud
GxpbUDxYYvxiUejHcAMzeV2rzdHf6KZZvT86ACrpFgXa,Calico Maxhog
7SUoWHWWJCxCe5g9XqZkCRufGHXRV8nauuz69HPjuewr,Ogrika Niruch
5gA8DzpsZyKXKeBeLP95pM1nhRyQ5UJ8oS56sjBqMX9C,Interior Paint (GAO Land Phase 1)
544Lg3y7XWxxAUyg8CT2fWrGknUtz155UTvSVTUoMS1L,Exterior Paint (GAO Land Phase 1)
x7pYPzCg3cpykQJZCZfw88QNHT4VAkTrho9FHkR8MfM,Pet House (GAO Land Phase 1)
6EqU4NfBZQHzt9GdyrkdKXqVUeGce3WHCCtQF1ZsgWxZ,Landing Pad - XXS
DgGjoBST6m6mJx3w2Tq3sFa11aJYM5smuzsxJcg1VPD5,Landing Pad - XS
DCD39GG1t6da1sSnDMNLkbayHun62ZpyiNaQBybhP4Zg,Landing Pad - Small
3KCNsmz7MBa2LTML6exEpvSoBoaUfRaydmJuBg2iwhXJ,Landing Pad - Medium
Ur4RCegwEfvVHE1FLqNa4oHG7pAF48cXED9yxvbnMzM,Crafting Station - XXS
9gABbLVat8Mb7SCULPURjzKEFvC27yUKTttY5GXsRyWW,Crafting Station - XS
8FtzpzXPmZPkDUStVGUgns3dUKQSSR9mE6oyZsLEcEHo,Crafting Station - Small
5uZ7ocqvT17Tscjk3RahMSrBdBKKGfNHctWVtcrXKFiP,Crafting Station - Medium
BwPviMqD4kt1T3QejpGjZcko4qdxyojChztuma1dnmze,Cargo Storage - Tier 0
5JpZEaou4j9AzG7ysmpMdr3DaAew5oYnyy3EPhKpuEb7,Cargo Storage - Tier 1
Fg4fPw5czHhiZuuuBCj72Jko3uQYzyikXbwjnxCvjwTX,Cargo Storage - Tier 2
9efb8dVqe2oGyW6SA4RSbWenQfY3R64hpMVazxiDjG1Q,Cargo Storage - Tier 3
4bVf18wH81AB7MSZjejP2yUWRGsUhLq7auCZ4TacKqdr,Cargo Storage - Tier 4
FQ8uvjBHiNgMVDkGVf9uUD8nJ6th7HGyMB1kmytWgrVw,Cargo Storage - Tier 5
CbcsDuGEqbwsKL68TpwXWX3sxpxuS4C3zbwurxh1RDR8,Opportunity
7YSFuJjpaNmcp9n9gdGB6TnQ6UsPWcH4KD4ng6WWc1wY,Dream
8fGDD3bwfNvEy4ER7ttfpccbvRUADjqG53PEXfnT7CbW,Core - Episode 5 (Magic Eden)
6fRmFGHcdsJST9DVhe9frrtzH9T1B4SeysdDNokpV5X5,Core - Episode 5 (Star Atlas)
C5HkVYzVLjdVSgJKT1cfvPgwMvyoGwC49RivNW5e1bmN,Start Sequence Badge - Tier 1
2f2UeUs5kTXTEVMA65t3i7F6sSSkcaEUEKdnWZiZsroq,Start Sequence Badge - Tier 0
CHhaMX8D2ZQZSAhGcoQjzxHyRT9gDAAVJcMdLxgKih2a,Start Sequence Badge - Tier 3
DJ2gBp5WSc9rWrsdHiDs9UAwaQTuCT6bsESCrgWMKNxe,Start Sequence Badge - Tier 2
2Qf22wRRRZ5usMLYmYBAB23sfwXcTvAxWLckJCC9kBUW,Mining Drill Tier 2 Upgrade Bundle
4s9so85n4AT2xj5kH9vepgxZ4McovRWAKvGhkBRxdVhB,Mining Drill Tier 3 Upgrade Bundle
D91FzmVLoPyXvDypE1DwJ5o21fQb3f1jMuUWMHXnjccV,Mining Drill Tier 4 Upgrade Bundle
4GXJnFKEJuhe3obiaRsV1AdghAn9wWokdpGMkyQowatK,Mining Drill Tier 5 Upgrade Bundle
A9bRBLhPe4sZ6vmBJjHSBjgvECwz5LU95idAGvjA8geK,Power Plant Tier 5 Upgrade Bundle
6Wg9wch8SCEqWGasjxZGUakZYXx1JwnRRRKyeqN1jRns,Power Plant Tier 4 Upgrade Bundle
2bJ7CrJ3Q6aE7D2ESXf2UJ5o2Yi2ZcxMLjXgKpUAtbCb,Power Plant Tier 3 Upgrade Bundle
8y5KFaXtc84VWE4mMi8bNU5u8wHD9SjU4VMaZ8xCCw2r,Power Plant Tier 2 Upgrade Bundle
HfD2TpBfaB4CqvQw3PFEqjTPEMVNdvupzoBPftn8rKUn,Core - Episode 6 (Magic Eden)
B9A1Z5ujSfEC1KWgNEQF6MVXKXh3go6apNSRgPmCWqBb,Core - Episode 6 (Star Atlas)
BaYBQcSVkU8utoK9CFwVBQV9uWEZi64Vd8pfyPKRdVE3,Escape Velocity Exterior Paint
8yfRmmuzUQqDJJkdwmcBhny1axkCdfDaVxcLPyv2XkTt,Escape Velocity
ATLASXmbPQxBUYbxPsV97usA3fPQYEqzQBUHgiFCUsXx,Atlas
DTbNmLWfu1pm4AuXRKYTApnDNfxMz73VET7nW5wizG5t,Armstrong IMP Tip
ARNZXUQoBKx3JCX3UJB4aitSnvcjMMphN9YVDFy1PdKq,Armstrong IMP Tap
GmVKV9W3qZcERxk7hjqwRDcn9Kgtz3XDi7KfFLdGqyaW,Armstrong IMP
H2FiaQatmsyzmEC6J3bD2B2oSXejm6m2UDEfpLpMkKiT,Core Act 2 - Episode 1 (Magic Eden)
GkyznBSPCKRsi8qSBXjAYvhzAUzhdRGMe3LvNyczdixL,Core Act 2 - Episode 1 (Star Atlas)
273M8ST7wLv4H7prMmyXWk5kJ9sdVignfhK9jaCBJuMx,Memory Fragment - Scraps and Spoils - NA Mission 1
5fsKJuFAqBBCZkZGWh1xzF5qzXotDyBqxiA1djiASF7n,Memory Glimpse - Scraps and Spoils - NA Mission 1
2CS4Evy3p5GMq9uMu7ybxo3Pgxs814BQY5pzkZ8bcUAf,Memory Revelation - Scraps and Spoils - NA Mission 1
C8SAdDCVdtHEenR1qxFq5zMHwvRKN5bpzbguiah4CWYL,Core Act 2 - Episode 2 (Star Atlas)
C8MEmuEZ45JQXjPyWwSzebLEuNhGAYvb9T1qFCKaDEB3,Core Act 2 - Episode 2 (Magic Eden)
poLisWXnNRwC6oBu1vHiuKQzFjGL4XDSu4g9qjz9qVk,Polis
LUMACqD5LaKjs1AeuJYToybasTXoYQ7YkxJEc4jowNj,Lumanite
ARCoQ9dndpg6wE2rRexzfwgJR3NoWWhpcww3xQcQLukg,Arco
CoNDDRCNxXAMGscCdejioDzb6XKxSzonbWb36wzSgp5T,Super Conductor
MASS9GqtJz6ABisAxcUn3FeR4phMqH1XfG6LPKJePog,Biomass
CARBWKWvxEuMcq3MqCxYfi7UoFVpL9c4rsQS99tw6i4X,Carbon
STEELXLJ8nfJy3P4aNuGxyNRbWPohqHSwxY75NsJRGG,Steel
CRYSNnUd7cZvVfrEVtVNKmXiCPYdZ1S5pM5qG2FDVZHF,Crystal Lattice
ELECrjC8m9GxCqcm4XCNpFvkS8fHStAvymS6MJbe3XLZ,Electronics
cwirGHLB2heKjCeTy4Mbp4M443fU4V7vy2JouvYbZna,Copper Wire
FeorejFjRRAfusN9Fg3WjEZ1dRCf74o6xwT5vDt3R34J,Iron Ore
PoWRYJnw3YDSyXgNtN3mQ3TKUMoUSsLAbvE8Ejade3u,Power Source
CUore1tNkiubxSwDEtLc3Ybs1xfWLs8uGjyydUYZ25xc,Copper Ore
MAGNMDeDJLvGAnriBvzWruZHfXNwWHhxnoNF75AQYM5,Magnet
RABSXX6RcqJ1L5qsGY64j91pmbQVbsYRQuw1mmxhxFe,Radiation Absorber
EMiTWSLgjDVkBbLFaMcGU6QqFWzX9JX6kqs1UtUjsmJA,Strange Emitter
PTCLSWbwZ3mqZqHAporphY2ofio8acsastaHfoP87Dc,Particle Accelerator
GLDTKDYdSkdCzSC6fqRWqHZ5fUQGsm1CM4nMZnsCZNcX,Golden Ticket
GRAPHKGoKtXtdPBx17h6fWopdT5tLjfAP8cDJ1SvvDn4,Graphene
HYCBuSWCJ5ZEyANexU94y1BaBPtAX2kzBgGD2vES2t6M,Hydrocarbon
FMWKb7YJA5upZHbu5FjVRRoxdDw2FYFAu284VqUGF9C2,Framework
RCH1Zhg4zcSSQK8rw2s6rDMVsgBEWa4kiv1oLFndrN5,Rochinol
CPPRam7wKuBkYzN5zCffgNU17RKaeMEns4ZD83BqBVNR,Copper
DMNDKqygEN3WXKVrAD4ofkYBc4CKNRhFUbXP4VK7a944,Diamond
SDUsgfSZaDhhZ76U3ZgvtFiXsfnHbf2VrzYxjBZ5YbM,Survey Data Unit
HYDR4EPHJcDPcaLYUcNCtrXUdt1PnaN4MvE655pevBYp,Hydrogen
PoLYs2hbRt5iDibrkPT9e6xWuhSS45yZji5ChgJBvcB,Polymer
SUBSVX9LYiPrzHeg2bZrqFSDSKkrQkiCesr6SjtdHaX,Energy Substrate
EMAGoQSP89CJV5focVjrpEuE4CeqJ4k1DouQW7gUu7yX,Electromagnet
ironxrUhTEaBiR9Pgp6hy4qWx6V2FirDoXhsFP25GFP,Iron
BBUTCn3jcXKjFYuuYtY8MNo8bDg9VsZaKwaSYnRr2Qse,Fimbul BYOS Butch
MEXfyQHowwqoTHsN6yjfeXVaxZxALUFJAHuzY8gFiUu,Fimbul Mamba EX
FfRV7CcedJ284kkaQf4CY9XaaZHdkHaBcFU77qTAKT4n,PCC #1
BH3eEgWyBmVYA9cvQj3yMDeUFL2auoD8WefycT8NdzJ5,PCC #2
C9SAoQrMnBrLxMEL5cb3XFnWgqp7GyUKyjZVCVFaBNBj,Core Act 2 - Episode 3 (Star Atlas)
C9MEzvvVoDiEeGCo4vwYjdYczUknvjpEZQvMMK7EUJhS,Core Act 2 - Episode 3 (Magic Eden)
RaYfM1RLfxQJWF8RZravTshKj1aHaWBNXF94VWToY9n,Opal Rayfam
C1oSAZQk8uzAr3WTPYEqtg3fiazp6m2Yaj8vbaGf6F7n,Core Act 2 - Episode 4 (Star Atlas)
C1oACSR5G8WWrDCTPeezj6GAcC2huXg4e3uDpqXAs16,Core Act 2 - Episode 4 (Alternate Cover)
HPM3HmnYj8hVM4cLv9U9KK2kT3xLZS96h6F4n7zpFmbB,PCC #3
C11SAYv6eeW6aimv8iLqwCnmTz6UYcSBX76y9pRgAmkY,Core Act 2 - Episode 5 (Star Atlas)
C11ACuYuWjwV8XdU8meBugW7BCTNdzG7XRkwmPGrDho8,Core Act 2 - Episode 5 (Alternate Cover)
CRFRjhzDEhBSWGqpfdnqUHnbPLrimcuQ69kT9XE6tyRr,Council RFR
SLEDkN916vvcpucY9Vn7tAzNXRcxsq71kkXzaj1cxoX,Fimbul Sledbarge
RUCHH4AcvodBcndmcT17KUBbd5ee5LQtmpsfvBVNnPH,Ogrika Ruch
RUPPjCR3TvBRn8dRptJ7s1GHagxXN4eMLkWeDcsAX23,Puri PTP
RUPTq1qUS7t2u4D6CUzUgpeEtDanXZCJvP7HR9MXo1S,Puri PTT
RJUPJAFj9d3YmGpGTsGGyKdFPAmzUhiikwH9a9Y495s,Jupiter
C12SA6MGzUswQ9exriwK9DBXjEcm1uhNg2hdUCvvRUR5,Core Act 2 - Episode 6 (Star Atlas)
M2FH7Wt1xCYnzcWWB9TN2vxzES85MC49Mrkeyq2fWKs,Memory Fragment - The Search for Etira - NA Mission 2
M2GJWZVZCZZKN34zTDP8fZmJxTgR2GqB5mKKGtN2Van,Memory Glimpse - The Search for Etira - NA Mission 2
M2Ri7TvjNn4ymBDuskASjm5UZPfsMvpDNiPjJN8bYwb,Memory Revelation - The Search for Etira - NA Mission 2
C12ACxT2oXYb4xwe8NQrgCfr6m1mci6JQwA7PG6Fw8RH,Core Act 2 - Episode 6 (Alternate Cover)
BREWN24ym1AGwWxTzuVVth8W2a9fkQkJYCiJXWh349uC,Brew Badge
Joni2mC3hdpig7Vyuum9eLkF9PfcMKriFgSJWEDhY12,Joni Awards Trophy
phi4PYgmxeTMLLpGkU87T16VUZ6AjWZESkfT1JGJ635,Rainbow Phi
SHiPitEZcCoyXEKqw9ovCdYeNzck9uVbb1KCcsHaGhc,Calico Shipit
FiELD9fGaCgiNMfzQKKZD78wxwnBHTwjiiJfsieb6VGb,Field Stabilizer
aeroBCMu6AX6bCLYd1VQtigqZh8NGSjn54H1YSczHeJ,Aerogel
TTNM1SMkM7VKtyPW6CNBZ4cg3An3zzQ8NVLS2HpMaWL,Titanium
tiorehR1rLfeATZ96YoByUkvNFsBfUUSQWgSH2mizXL,Titanium Ore
Nitro6idW5JCb2ysUPGUAvVqv3HmUR7NVH7NdybGJ4L,Nitrogen
SiLiCA4xKGkyymB5XteUVmUeLqE4JGQTyWBpKFESLgh,Silica
CPHVSCUH8dwEQ9SBNNue85d2hQRjDbihELx9gSQZzb87,coins.ph
RNGRjeGyFeyFT4k5aTJXKZukVx3GbG215fcSQJxg64G,Fimbul BYOS Ranger
TKSgqcF37rb7xjMpeGWHhzESHRXtQBQ7fKBcZ5m2bJC,Tokes
GagLi67riLvTvr6wSSrFw5AZbdVTfUPGjJ1VdBDTcZ5L,Gagli.doer
BErpeKhadb2H6kN8QJs977XfipH4wiVC6fdVfjW6vKRs,Berpek Ula Eko
siGnokzWQqFQMoc1k6sEg5NeWnfnEU3Ypxb2LLnM9Sm,Sigmund Nok
CRWPXjZw73dMW3pG7UMhVWDrfk5NnzMCMuWj6hVLMCYm,Presale 10 Card Pack
CXymP2vvMysYG4nLdonyNZA5NNiq21mXDY2Y3927Mx1k,The Edge of Paradise
HoNYeNCD6WidPRYgsrgjfRjUJodPWU4yNG2HBawGi3Ht,Honeyland Explorer Badge
CPS1gTEio7PqnAmDmWuCfiTBbtDRRsA8cwdQe3TqgGsf,Silver 1 Card Pack
CPS5deX4R2BkA1X4SRrk5V2LqmT7CXwNdnC5syrpAmDK,Silver 5 Card Pack
CPG1B4jv6D2cZRkfXWawxSrE9SvhxdiDT1yKP4cNmHSe,Gold 1 Card Pack
CPG5JB1Z83TsYYCaVJLLpWVcoBBAnQ2T2nzmR9tbi3WU,Gold 5 Card Pack
CPP1iv66iqZYeGEYuGAmjTbRJMbNazCWu8r2Ln5TUsc5,Platinum 1 Card Pack
CPP5rhCt7tvjco6vbVMawzg4WHmr3Thr67y7PcBcbfSz,Platinum 5 Card Pack
or1mX9539xPemxKs8dPCjkSx1K4aAqGEuaVBnuLZkhZ,Impact
